-- ============================================================
-- NSC CourseMate - Seed Data
-- ============================================================
-- Author: Jose Antonio Horta Herrera
-- Course: AD350 Database Technology - Spring 2026
-- Week: 06
--
-- Sample data for development and testing. Course codes,
-- program names, and credit values reflect realistic NSC offerings.
-- ============================================================

-- ============================================================
-- PROGRAMS
-- ============================================================
INSERT INTO programs (id, name, code, total_credits_required, description) VALUES
    ('11111111-1111-1111-1111-111111111101', 'Associate in Computer Science DTA/MRP', 'AS-CS', 90, 'Two-year transfer degree for students pursuing Computer Science.'),
    ('11111111-1111-1111-1111-111111111102', 'Associate in Applied Science - Application Development', 'AAS-AD', 90, 'Workforce-focused degree for software development roles.'),
    ('11111111-1111-1111-1111-111111111103', 'Associate in Arts DTA', 'AA-DTA', 90, 'General transfer degree for liberal arts students.'),
    ('11111111-1111-1111-1111-111111111104', 'Certificate in Web Development', 'CERT-WEB', 45, 'Short program for front-end and back-end web development.');

-- ============================================================
-- COURSES
-- ============================================================
INSERT INTO courses (id, course_code, title, description, credits) VALUES
    ('22222222-2222-2222-2222-222222222201', 'CS&141', 'Computer Science I', 'Introduction to programming.', 5),
    ('22222222-2222-2222-2222-222222222202', 'CS&143', 'Computer Science II', 'Data structures and algorithms.', 5),
    ('22222222-2222-2222-2222-222222222203', 'CS&211', 'Discrete Math', 'Logic and discrete structures.', 5),
    ('22222222-2222-2222-2222-222222222204', 'AD220', 'Web Programming I', 'HTML, CSS, JavaScript fundamentals.', 5),
    ('22222222-2222-2222-2222-222222222205', 'AD230', 'Web Programming II', 'React and component-based UIs.', 5),
    ('22222222-2222-2222-2222-222222222206', 'AD350', 'Database Technology', 'Relational databases and SQL.', 5),
    ('22222222-2222-2222-2222-222222222207', 'AD351', 'App Design and Prototyping', 'UX research and prototyping.', 5),
    ('22222222-2222-2222-2222-222222222208', 'MATH&141', 'Precalculus I', 'College algebra and functions.', 5),
    ('22222222-2222-2222-2222-222222222209', 'MATH&142', 'Precalculus II', 'Trigonometry and advanced functions.', 5),
    ('22222222-2222-2222-2222-222222222210', 'MATH&151', 'Calculus I', 'Differential calculus.', 5),
    ('22222222-2222-2222-2222-222222222211', 'ENGL&101', 'English Composition I', 'Fundamentals of academic writing.', 5),
    ('22222222-2222-2222-2222-222222222212', 'ENGL&102', 'English Composition II', 'Research and argumentation.', 5),
    ('22222222-2222-2222-2222-222222222213', 'PSYC&100', 'General Psychology', 'Introduction to psychology.', 5),
    ('22222222-2222-2222-2222-222222222214', 'CMST&220', 'Public Speaking', 'Theory and practice of public speaking.', 5);

-- ============================================================
-- PREREQUISITES
-- ============================================================
INSERT INTO prerequisites (course_id, prerequisite_course_id) VALUES
    ('22222222-2222-2222-2222-222222222202', '22222222-2222-2222-2222-222222222201'),
    ('22222222-2222-2222-2222-222222222203', '22222222-2222-2222-2222-222222222201'),
    ('22222222-2222-2222-2222-222222222205', '22222222-2222-2222-2222-222222222204'),
    ('22222222-2222-2222-2222-222222222206', '22222222-2222-2222-2222-222222222201'),
    ('22222222-2222-2222-2222-222222222206', '22222222-2222-2222-2222-222222222204'),
    ('22222222-2222-2222-2222-222222222209', '22222222-2222-2222-2222-222222222208'),
    ('22222222-2222-2222-2222-222222222210', '22222222-2222-2222-2222-222222222209'),
    ('22222222-2222-2222-2222-222222222212', '22222222-2222-2222-2222-222222222211');

-- ============================================================
-- QUARTERS
-- ============================================================
INSERT INTO quarters (id, name, start_date, end_date) VALUES
    ('33333333-3333-3333-3333-333333333301', 'Fall 2025', '2025-09-22', '2025-12-12'),
    ('33333333-3333-3333-3333-333333333302', 'Winter 2026', '2026-01-05', '2026-03-20'),
    ('33333333-3333-3333-3333-333333333303', 'Spring 2026', '2026-04-06', '2026-06-19'),
    ('33333333-3333-3333-3333-333333333304', 'Summer 2026', '2026-06-29', '2026-08-21');

-- ============================================================
-- STUDENTS
-- ============================================================
INSERT INTO students (id, email, first_name, last_name, program_id) VALUES
    ('44444444-4444-4444-4444-444444444401', 'jhorta@nsc.edu', 'Jose', 'Horta', '11111111-1111-1111-1111-111111111102'),
    ('44444444-4444-4444-4444-444444444402', 'msample@nsc.edu', 'Maria', 'Sample', '11111111-1111-1111-1111-111111111101'),
    ('44444444-4444-4444-4444-444444444403', 'dtest@nsc.edu', 'David', 'Test', '11111111-1111-1111-1111-111111111104');

-- ============================================================
-- ENROLLMENTS
-- ============================================================
INSERT INTO enrollments (student_id, course_id, quarter_id, grade, status) VALUES
    ('44444444-4444-4444-4444-444444444401', '22222222-2222-2222-2222-222222222201', '33333333-3333-3333-3333-333333333301', 'A', 'completed'),
    ('44444444-4444-4444-4444-444444444401', '22222222-2222-2222-2222-222222222204', '33333333-3333-3333-3333-333333333301', 'A-', 'completed'),
    ('44444444-4444-4444-4444-444444444401', '22222222-2222-2222-2222-222222222211', '33333333-3333-3333-3333-333333333301', 'B+', 'completed'),
    ('44444444-4444-4444-4444-444444444401', '22222222-2222-2222-2222-222222222205', '33333333-3333-3333-3333-333333333302', 'A', 'completed'),
    ('44444444-4444-4444-4444-444444444401', '22222222-2222-2222-2222-222222222212', '33333333-3333-3333-3333-333333333302', 'A', 'completed'),
    ('44444444-4444-4444-4444-444444444401', '22222222-2222-2222-2222-222222222206', '33333333-3333-3333-3333-333333333303', NULL, 'enrolled'),
    ('44444444-4444-4444-4444-444444444401', '22222222-2222-2222-2222-222222222207', '33333333-3333-3333-3333-333333333303', NULL, 'enrolled'),
    ('44444444-4444-4444-4444-444444444402', '22222222-2222-2222-2222-222222222201', '33333333-3333-3333-3333-333333333301', 'A', 'completed'),
    ('44444444-4444-4444-4444-444444444402', '22222222-2222-2222-2222-222222222208', '33333333-3333-3333-3333-333333333301', 'A', 'completed'),
    ('44444444-4444-4444-4444-444444444402', '22222222-2222-2222-2222-222222222202', '33333333-3333-3333-3333-333333333302', 'A-', 'completed'),
    ('44444444-4444-4444-4444-444444444402', '22222222-2222-2222-2222-222222222209', '33333333-3333-3333-3333-333333333302', 'B', 'completed'),
    ('44444444-4444-4444-4444-444444444403', '22222222-2222-2222-2222-222222222204', '33333333-3333-3333-3333-333333333303', NULL, 'enrolled'),
    ('44444444-4444-4444-4444-444444444403', '22222222-2222-2222-2222-222222222211', '33333333-3333-3333-3333-333333333301', 'W', 'withdrawn');

-- ============================================================
-- END OF SEED
-- ============================================================
